{
  "tox21": {
    "dataset": "tox21",
    "task_type": "classification",
    "performance": {
      "InterGNN": {
        "roc_auc": 0.700188900075487,
        "pr_auc": 0.2542835532601786,
        "accuracy": 0.8966610742355897,
        "f1_score": 0.10649308456326001,
        "mcc": 0.10491386324759733
      },
      "GCN": {
        "roc_auc": 0.66586826232495,
        "pr_auc": 0.2212596812039462,
        "accuracy": 0.895345478639039,
        "f1_score": 0.08352677415177416,
        "mcc": 0.08762798801037845
      },
      "GIN": {
        "roc_auc": 0.6933072518340492,
        "pr_auc": 0.2770446375665856,
        "accuracy": 0.8899171792580739,
        "f1_score": 0.16121116840622554,
        "mcc": 0.13661094668731058
      }
    },
    "interpretability": {
      "deletion_auc": 0.043984940353954165,
      "insertion_auc": 0.8644632142401542,
      "jaccard_stability": 0.8507936507936508,
      "chemical_validity": 1.0
    },
    "generalization": {
      "random_split": {
        "roc_auc": 0.7294088503192285,
        "pr_auc": 0.3007961448409294,
        "accuracy": 0.9217402972194204,
        "f1_score": 0.11695937389587273,
        "mcc": 0.1420623465413125
      },
      "scaffold_split": {
        "roc_auc": 0.663119820374155,
        "pr_auc": 0.23143197581880168,
        "accuracy": 0.8959553857456103,
        "f1_score": 0.09248921056101612,
        "mcc": 0.10356133993023682
      }
    },
    "activity_cliffs": [
      {
        "idx_i": 2,
        "idx_j": 5138,
        "smiles_i": "CC[C@]1(O)CC[C@H]2[C@@H]3CCC4=CCCC[C@@H]4[C@H]3CC[C@@]21C",
        "smiles_j": "C#C[C@@]1(O)CC[C@H]2[C@@H]3CCC4=CCCC[C@@H]4[C@H]3CC[C@@]21C",
        "similarity": 0.699999988079071,
        "activity_i": NaN,
        "activity_j": 1.0,
        "activity_diff": NaN,
        "cliff_score": NaN
      },
      {
        "idx_i": 2,
        "idx_j": 5891,
        "smiles_i": "CC[C@]1(O)CC[C@H]2[C@@H]3CCC4=CCCC[C@@H]4[C@H]3CC[C@@]21C",
        "smiles_j": "C=CC[C@]1(O)CC[C@H]2[C@@H]3CCC4=CCCC[C@@H]4[C@H]3CC[C@@]21C",
        "similarity": 0.7599999904632568,
        "activity_i": NaN,
        "activity_j": 1.0,
        "activity_diff": NaN,
        "cliff_score": NaN
      },
      {
        "idx_i": 8,
        "idx_j": 115,
        "smiles_i": "OC[C@H](O)[C@@H](O)[C@H](O)CO",
        "smiles_j": "O=C(CO)[C@@H](O)[C@H](O)[C@@H](O)CO",
        "similarity": 0.5,
        "activity_i": 0.0,
        "activity_j": NaN,
        "activity_diff": NaN,
        "cliff_score": NaN
      },
      {
        "idx_i": 9,
        "idx_j": 122,
        "smiles_i": "CCCCCCCC(=O)[O-].CCCCCCCC(=O)[O-].[Zn+2]",
        "smiles_j": "CCCCC(=O)[O-]",
        "similarity": 0.75,
        "activity_i": NaN,
        "activity_j": 0.0,
        "activity_diff": NaN,
        "cliff_score": NaN
      },
      {
        "idx_i": 9,
        "idx_j": 123,
        "smiles_i": "CCCCCCCC(=O)[O-].CCCCCCCC(=O)[O-].[Zn+2]",
        "smiles_j": "CCCCCCCCCCCCCC(=O)OC",
        "similarity": 0.5,
        "activity_i": NaN,
        "activity_j": 0.0,
        "activity_diff": NaN,
        "cliff_score": NaN
      },
      {
        "idx_i": 9,
        "idx_j": 153,
        "smiles_i": "CCCCCCCC(=O)[O-].CCCCCCCC(=O)[O-].[Zn+2]",
        "smiles_j": "CCCCCCCC(=O)OC",
        "similarity": 0.5,
        "activity_i": NaN,
        "activity_j": 0.0,
        "activity_diff": NaN,
        "cliff_score": NaN
      },
      {
        "idx_i": 9,
        "idx_j": 179,
        "smiles_i": "CCCCCCCC(=O)[O-].CCCCCCCC(=O)[O-].[Zn+2]",
        "smiles_j": "CCCCCCCCCC(=O)O",
        "similarity": 0.5652173757553101,
        "activity_i": NaN,
        "activity_j": 0.0,
        "activity_diff": NaN,
        "cliff_score": NaN
      },
      {
        "idx_i": 9,
        "idx_j": 883,
        "smiles_i": "CCCCCCCC(=O)[O-].CCCCCCCC(=O)[O-].[Zn+2]",
        "smiles_j": "CCCCCCCCC(=O)Cl",
        "similarity": 0.5416666865348816,
        "activity_i": NaN,
        "activity_j": 0.0,
        "activity_diff": NaN,
        "cliff_score": NaN
      },
      {
        "idx_i": 9,
        "idx_j": 1579,
        "smiles_i": "CCCCCCCC(=O)[O-].CCCCCCCC(=O)[O-].[Zn+2]",
        "smiles_j": "CCCCCCCCCCCC(=O)OC",
        "similarity": 0.5,
        "activity_i": NaN,
        "activity_j": 0.0,
        "activity_diff": NaN,
        "cliff_score": NaN
      },
      {
        "idx_i": 9,
        "idx_j": 1930,
        "smiles_i": "CCCCCCCC(=O)[O-].CCCCCCCC(=O)[O-].[Zn+2]",
        "smiles_j": "CCCCCCCCCCCCCCCCC(=O)O",
        "similarity": 0.5652173757553101,
        "activity_i": NaN,
        "activity_j": 0.0,
        "activity_diff": NaN,
        "cliff_score": NaN
      },
      {
        "idx_i": 9,
        "idx_j": 2290,
        "smiles_i": "CCCCCCCC(=O)[O-].CCCCCCCC(=O)[O-].[Zn+2]",
        "smiles_j": "CCCC(=O)[O-]",
        "similarity": 0.5714285969734192,
        "activity_i": NaN,
        "activity_j": 0.0,
        "activity_diff": NaN,
        "cliff_score": NaN
      },
      {
        "idx_i": 9,
        "idx_j": 2457,
        "smiles_i": "CCCCCCCC(=O)[O-].CCCCCCCC(=O)[O-].[Zn+2]",
        "smiles_j": "CCCCCCCCCC(C)=O",
        "similarity": 0.5652173757553101,
        "activity_i": NaN,
        "activity_j": 0.0,
        "activity_diff": NaN,
        "cliff_score": NaN
      },
      {
        "idx_i": 9,
        "idx_j": 2494,
        "smiles_i": "CCCCCCCC(=O)[O-].CCCCCCCC(=O)[O-].[Zn+2]",
        "smiles_j": "CCCCCCCCCCCCCCCC(=O)OC",
        "similarity": 0.5,
        "activity_i": NaN,
        "activity_j": 0.0,
        "activity_diff": NaN,
        "cliff_score": NaN
      },
      {
        "idx_i": 9,
        "idx_j": 2976,
        "smiles_i": "CCCCCCCC(=O)[O-].CCCCCCCC(=O)[O-].[Zn+2]",
        "smiles_j": "CCCCCCCCCCCCCCC(=O)O",
        "similarity": 0.5652173757553101,
        "activity_i": NaN,
        "activity_j": 0.0,
        "activity_diff": NaN,
        "cliff_score": NaN
      },
      {
        "idx_i": 9,
        "idx_j": 3013,
        "smiles_i": "CCCCCCCC(=O)[O-].CCCCCCCC(=O)[O-].[Zn+2]",
        "smiles_j": "CCCCCCCCCC(=O)N(C)C",
        "similarity": 0.5,
        "activity_i": NaN,
        "activity_j": 0.0,
        "activity_diff": NaN,
        "cliff_score": NaN
      },
      {
        "idx_i": 9,
        "idx_j": 3507,
        "smiles_i": "CCCCCCCC(=O)[O-].CCCCCCCC(=O)[O-].[Zn+2]",
        "smiles_j": "CCCCCC[C@@H](O)C/C=C\\CCCCCCCC(=O)[O-]",
        "similarity": 0.5142857432365417,
        "activity_i": NaN,
        "activity_j": 0.0,
        "activity_diff": NaN,
        "cliff_score": NaN
      },
      {
        "idx_i": 9,
        "idx_j": 3517,
        "smiles_i": "CCCCCCCC(=O)[O-].CCCCCCCC(=O)[O-].[Zn+2]",
        "smiles_j": "CCCCCCCCCC(=O)N[O-]",
        "similarity": 0.5384615659713745,
        "activity_i": NaN,
        "activity_j": 0.0,
        "activity_diff": NaN,
        "cliff_score": NaN
      },
      {
        "idx_i": 9,
        "idx_j": 3535,
        "smiles_i": "CCCCCCCC(=O)[O-].CCCCCCCC(=O)[O-].[Zn+2]",
        "smiles_j": "CCCCCCCCCCC(=O)O",
        "similarity": 0.5652173757553101,
        "activity_i": NaN,
        "activity_j": 0.0,
        "activity_diff": NaN,
        "cliff_score": NaN
      },
      {
        "idx_i": 9,
        "idx_j": 3725,
        "smiles_i": "CCCCCCCC(=O)[O-].CCCCCCCC(=O)[O-].[Zn+2]",
        "smiles_j": "CCCCCCCCCCCC(=O)N(C)CC(=O)[O-]",
        "similarity": 0.5517241358757019,
        "activity_i": NaN,
        "activity_j": 0.0,
        "activity_diff": NaN,
        "cliff_score": NaN
      },
      {
        "idx_i": 9,
        "idx_j": 3870,
        "smiles_i": "CCCCCCCC(=O)[O-].CCCCCCCC(=O)[O-].[Zn+2]",
        "smiles_j": "CCCCCCCCCC(=O)NO",
        "similarity": 0.5,
        "activity_i": NaN,
        "activity_j": 0.0,
        "activity_diff": NaN,
        "cliff_score": NaN
      }
    ],
    "hypothesis_testing": {
      "t_statistic": 0.6188254593007096,
      "p_value": 0.536051496543662,