{
  "mutag": {
    "dataset": "mutag",
    "task_type": "classification",
    "performance": {
      "InterGNN": {
        "roc_auc": 0.5476190476190477,
        "pr_auc": 0.6974798679133044,
        "accuracy": 0.75,
        "f1_score": 0.8484848484848485,
        "mcc": 0.35043832202523123
      },
      "GCN": {
        "roc_auc": 0.738095238095238,
        "pr_auc": 0.8943628635357957,
        "accuracy": 0.7,
        "f1_score": 0.8235294117647058,
        "mcc": 0.0
      },
      "GIN": {
        "roc_auc": 0.8928571428571429,
        "pr_auc": 0.9584467120181404,
        "accuracy": 0.7,
        "f1_score": 0.8235294117647058,
        "mcc": 0.0
      }
    },
    "interpretability": {
      "deletion_auc": 0.011948557813795963,
      "insertion_auc": 0.8470843320446323,
      "jaccard_stability": 0.8444444444444444,
      "chemical_validity": 1.0
    },
    "generalization": {
      "random_split": {
        "roc_auc": 0.4523809523809524,
        "pr_auc": 0.718758560042837,
        "accuracy": 0.7,
        "f1_score": 0.8235294117647058,
        "mcc": 0.0
      },
      "scaffold_split": {
        "roc_auc": 0.4523809523809524,
        "pr_auc": 0.718758560042837,
        "accuracy": 0.7,
        "f1_score": 0.8235294117647058,
        "mcc": 0.0
      }
    },
    "activity_cliff": {
      "idx_i": 1,
      "idx_j": 9,
      "smiles_i": "Cc1ccc(N)c(N(=O)=O)c1",
      "smiles_j": "Cc1ccc(N)c([N+](=O)[O-])c1",
      "similarity": 1.0,
      "activity_i": 0.0,
      "activity_j": 1.0,
      "activity_diff": 1.0,
      "cliff_score": 1.0
    },
    "hypothesis_testing": {
      "t_statistic": 1.0000000000000002,
      "p_value": 0.3298768009211248,
      "mean_intergnn": 0.75,
      "mean_gcn": 0.7,
      "reject_h0": false,
      "alpha": 0.05,
      "n_samples": 20
    }
  }
}